{
  "Namespace": "PasseroDemo",
  "Entities": [
    {
      "Name": "Author",
      "Properties": [
        {
          "Name": "Id",
          "Type": "int"
        },
        {
          "Name": "FirstName",
          "Type": "string"
        },
        {
          "Name": "LastName",
          "Type": "string"
        }
      ]
    },
    {
      "Name": "Title",
      "Properties": [
        {
          "Name": "Id",
          "Type": "int"
        },
        {
          "Name": "Name",
          "Type": "string"
        },
        {
          "Name": "PublisherId",
          "Type": "int"
        }
      ]
    },
    {
      "Name": "Publisher",
      "Properties": [
        {
          "Name": "Id",
          "Type": "int"
        },
        {
          "Name": "Name",
          "Type": "string"
        }
      ]
    }
  ]
}